"Name","Age","Job"
"Joseph Burnett",23,"Illustrator"
"Heather Mueller",47,"Engineer, technical sales"
"Sarah Craig",24,"Tour manager"
"Melinda Ruiz",18,"Sport and exercise psychologist"
"Derrick Hughes",47,"Textile designer"
"James Villegas",21,"Purchasing manager"
"Richard Stephenson",44,"Historic buildings inspector/conservation officer"
"Andres Evans",36,"Actor"
"Erica Velez",38,"Landscape architect"
"Susan Tate",23,"Agricultural engineer"
"Alisha Medina",34,"Theatre director"
"Scott Smith",37,"Learning disability nurse"
"James Martin",13,"Biochemist, clinical"
"John Jackson",43,"Medical illustrator"
"Dale Moore",11,"Rural practice surveyor"
"Diane Zimmerman",36,"Soil scientist"
"Christopher Silva",20,"Cytogeneticist"
"Lisa Smith",17,"Futures trader"
"Dean Howard",15,"Oncologist"
"Marcus Collins",31,"Risk manager"
"James Adams",38,"Financial trader"
"Mr. Anthony Cross MD",44,"Theatre manager"
"Brian Scott",46,"Scientist, research (maths)"
"Amanda Ward",34,"Dispensing optician"
"Kimberly Booker",40,"Chief Technology Officer"
"Christian Underwood",10,"Television/film/video producer"
"Joseph Lane",50,"Social worker"
"Casey Poole",24,"Surveyor, hydrographic"
"Alexander Hampton",13,"Programmer, systems"
"Nathan Calhoun",10,"Accommodation manager"
"Aaron Bond",11,"Engineer, chemical"
"Gregory Miller",19,"Teacher, special educational needs"
"Susan Hayes",15,"Community development worker"
"Garrett Collins",28,"Magazine journalist"
"Robert Johnson",42,"Hydrologist"
"Jessica Cook",46,"Editor, magazine features"
"Carla Mckay",19,"Psychologist, clinical"
"Amy Evans",29,"Exhibitions officer, museum/gallery"
"Michael Cole",31,"Pensions consultant"
"Shelley Smith",31,"Land"
"Jeffrey Peterson",20,"Lecturer, higher education"
"Michael Mays",20,"Designer, industrial/product"
"Jillian Olsen",10,"Editor, commissioning"
"Christina Howard",45,"Social researcher"
"Kyle Dudley",33,"Scientist, research (life sciences)"
"Kevin Brock",11,"Doctor, general practice"
"Shawn Butler",24,"Hydrographic surveyor"
"Cassie Morgan",12,"Leisure centre manager"
"Angelica Davis",16,"Administrator"
"David Peterson",50,"Early years teacher"
"Joseph Carter",20,"Scientist, audiological"
"Victor Baker",21,"Engineer, manufacturing systems"
"Bobby Huang",48,"Make"
"Jennifer Howard",48,"Dancer"
"Marc Ramos",25,"Advice worker"
"Robert Burgess",33,"Dealer"
"Robert Clark",44,"Actuary"
"Jared Hall",43,"Emergency planning/management officer"
"James Scott",30,"Air broker"
"Wesley Meza",24,"Social worker"
"Christopher Hampton",32,"Interior and spatial designer"
"Margaret Miller DDS",47,"Chartered legal executive (England and Wales)"
"Kristy Pena DDS",15,"Arts administrator"
"Corey Glass",45,"Health promotion specialist"
"Caleb Wang",46,"Careers adviser"
"Anita Rhodes",24,"Dance movement psychotherapist"
"James Nunez",36,"Bonds trader"
"Jason Stout",20,"Radiographer, diagnostic"
"Brian Rivers",45,"Investment analyst"
"Rachel Carr",14,"Fine artist"
"Jeffrey Golden",14,"Accounting technician"
"Michael Baker",26,"Operations geologist"
"Tony Williams",11,"Waste management officer"
"Jennifer Hudson",24,"IT consultant"
"Charles Choi",41,"Office manager"
"Derek Garcia",15,"Pharmacist, community"
"Courtney Hernandez",49,"Curator"
"Susan Scott",10,"Race relations officer"
"Linda Palmer",24,"Secondary school teacher"
"Sherry Fields",17,"Sports development officer"
"Cory Owens",20,"Product manager"
"Roberta Rodriguez",35,"Insurance broker"
"Jennifer Howard",25,"Dentist"
"Frank Moore",42,"Rural practice surveyor"
"Lance Macias",12,"English as a foreign language teacher"
"Diane Kelly",43,"Physiological scientist"
"Michael Diaz",26,"Hydrologist"
"Susan Moore",38,"Engineer, mining"
"John Shaw",13,"Solicitor, Scotland"
"Wesley Anderson",15,"Clinical psychologist"
"Frank Gardner",45,"Chartered management accountant"
"Terry Barker",44,"Financial risk analyst"
"Isaac Greene",24,"Estate manager/land agent"
"Claire Thomas",40,"Musician"
"Chad Beard",28,"Medical illustrator"
"Kara Guzman",10,"Agricultural engineer"
"Dominic Wilson",45,"Theme park manager"
"Jamie Jackson",13,"Health and safety inspector"
"Patrick Adams",45,"Retail manager"
"James Moore",11,"Ophthalmologist"
